{"1": {"sentiment_label": "positive", "text_of_tweet": "\u201ccHiNa cAn\u2019T iNnOvAtE.\u201d \ud83d\udca5Analysis by ASPI* shows that China leads the USA in whopping 37 out of 44 critical scientific areas such as AI, quantum computing, biotech, and advanced materials.<br><br>*funded by U.S. military industrial complex, so no pro-China bias <a href=\"https://t.co/CgNUmGA0iE\"> pic.twitter.com/CgNUmGA0iE", "tweet_url": "https://twitter.com/Kanthan2030/status/1631622840989675520?ref_src=twsrc%5Etfw"}, "2": {"sentiment_label": "negative", "text_of_tweet": "AMERICAN WAR MACHINE NOW FOCUSED ON CHINA<br> <a href=\"https://t.co/5zUMGxoXNQ\">pic.twitter.com/5zUMGxoXNQ</a></p>&mdash; The_Real_Fly (@The_Real_Fly)", "tweet_url": "https://twitter.com/The_Real_Fly/status/1631542150675529729?ref_src=twsrc%5Etfw"}, "3": {"sentiment_label": "negative", "text_of_tweet": "China appears to be requiring foreign law professors to submit their syllabuses to ensure they are following a doctrine pushed by President Xi Jinping <a href=\"https://t.co/SuSWhELiCx\">https://t.co/SuSWhELiCx</a></p>&mdash; Bloomberg (@business)", "tweet_url": "https://twitter.com/business/status/1631576391954169857?ref_src=twsrc%5Etfw"}, "4": {"sentiment_label": "negative", "text_of_tweet": "The United States has added two subsidiaries of Chinese genetics company BGI to a trade blacklist over allegations it conducted genetic analysis and surveillance activities for Beijing, which Washington says was used to repress ethnic minorities in China <a href=\"https://t.co/siXR57whNs\">https://t.co/siXR57whNs</a></p>&mdash; CNN (@CNN)", "tweet_url": "https://twitter.com/CNN/status/1631622994924544001?ref_src=twsrc%5Etfw"}, "5": {"sentiment_label": "positive", "text_of_tweet": "China has a prevalent weapon magazine culture which I can\u2019t find in America. There are about 2 dozens of highly professional monthlies published and penned by the MIC itself covering every branch of the armed forces. You can buy these magazines at every street corner across the <a href=\"https://t.co/YVNteeP3Iq\">pic.twitter.com/YVNteeP3Iq</a></p>&mdash; Governor General (@manchuxi)", "tweet_url": "https://twitter.com/manchuxi/status/1631534583475830788?ref_src=twsrc%5Etfw"}, "6": {"sentiment_label": "negative", "text_of_tweet": "China is building six times more new coal plants than the rest of the world combined, new research shows <a href=\"https://t.co/zd7akk1eqV\">https://t.co/zd7akk1eqV</a></p>&mdash; ABC News (@abcnews)", "tweet_url": "https://twitter.com/abcnews/status/1631450164375478272?ref_src=twsrc%5Etfw"}, "7": {"sentiment_label": "negative", "text_of_tweet": "China''s turn towards fascism is accelerating <a href=\"https://t.co/Bpoey4WnAz\">pic.twitter.com/Bpoey4WnAz</a></p>&mdash; Chinese History Expert (@chineseciv)", "tweet_url": "https://twitter.com/chineseciv/status/1631515516207788033?ref_src=twsrc%5Etfw"}, "8": {"sentiment_label": "positive", "text_of_tweet": "China has a &quot;stunning lead&quot; in 37 out of 44 critical and emerging technologies as Western democracies lose a global competition for research output, a security think tank said on Thursday after tracking defense, space, energy and biotechnology. <a href=\"https://t.co/icY1FHvVGK\">https://t.co/icY1FHvVGK</a></p>&mdash; NEWSMAX (@NEWSMAX)", "tweet_url": "https://twitter.com/NEWSMAX/status/1631523549122007040?ref_src=twsrc%5Etfw"}, "9": {"sentiment_label": "negative", "text_of_tweet": "I'm just wondering if there is any person in Taiwan who thinks that the Biden neocons are pumping billions of dollars of weapons onto their Island and antagonizing China to make them safer?</p>&mdash; Garland Nixon (@GarlandNixon)", "tweet_url": "https://twitter.com/GarlandNixon/status/1631451970752978947?ref_src=twsrc%5Etfw"}, "10": {"sentiment_label": "negative", "text_of_tweet": "In response to US actions, China will take retaliatory measures to protect Chinese corporations \u2014 Ministry of Commerce of the People&#39;s Republic of China</p>&mdash; AZ \ud83d\udef0\ud83c\udf0f\ud83c\udf0d\ud83c\udf0e (@AZgeopolitics)", "tweet_url": "https://twitter.com/AZgeopolitics/status/1631653133104345088?ref_src=twsrc%5Etfw"}, "11": {"sentiment_label": "negative", "text_of_tweet": "Today is March 3, 2023 and Joe Biden is still an illegitimate President and is owned by China!</p>&mdash; PISSED OFF PATRIOT HOFFY \ud83d\udd95 (@PATRIOTGHOFFY)", "tweet_url": "https://twitter.com/PATRIOTGHOFFY/status/1631645105684635648?ref_src=twsrc%5Etfw"}, "12": {"sentiment_label": "negative", "text_of_tweet": "Let me ask you, how long would a China Police Station last in the US, Great Britain, Australia, Japan France, New Zealand. And you know if there was a threat of election interference this would be investigated even before the public demand them to do so. \ud83e\udd14\ud83c\udde8\ud83c\uddf3 is so inbedded", "tweet_url": "https://t.co/Lfxx4UD0wg"}, "13": {"sentiment_label": "negative", "text_of_tweet": "Wicked cleverness: China wages border aggression against India and then repeatedly advises India to not let the border situation come in the way of bilateral cooperation. China&#39;s latest statement says India should put the border issue in &quot;the proper place in bilateral relations.\u201d</p>&mdash; Brahma Chellaney (@Chellaney)", "tweet_url": "https://twitter.com/Chellaney/status/1631610600781647872?ref_src=twsrc%5Etfw"}, "14": {"sentiment_label": "negative", "text_of_tweet": "It's fascinating that our gov&#39;t suddenly admits all the facts about COVID&#39;s origin, now that China has decided to side with Russia.</p>&mdash; Shukri Abdirahman (@ShuForCongress)", "tweet_url": "https://twitter.com/ShuForCongress/status/1631653770147889153?ref_src=twsrc%5Etfw"}, "15": {"sentiment_label": "negative", "text_of_tweet": "The public is inching closer and closer to the harsh reality.<br>Russia and China\u2019s displeasure with US biological activity in Ukraine, is because of Covid. <br>Western Criminals created SARS-CoV-2, which killed millions of people, and now the Eastern world is angry.</p>&mdash; D-Bark (@DBark46107258)", "tweet_url": "https://twitter.com/DBark46107258/status/1631650236279173120?ref_src=twsrc%5Etfw"}, "16": {"sentiment_label": "negative", "text_of_tweet": "Folks, China got what they wanted from Harper. That 31-year trade deal. And they got to execute Canadians.<br><br>Trudeau is less biddable.<br><br>China wants the CPC back in office, so they&#39;ve set this up. <br><br>That&#39;s what&#39;s going on here, IMO.<a href=\"https://twitter.com/hashtag/cdnpoli?src=hash&amp;ref_src=twsrc%5Etfw\">#cdnpoli</a></p>&mdash; Timothy Anderson \ud83d\udc89\ud83d\udc89\ud83d\udc89\ud83d\udc89\ud83d\udc89\ud83c\udfb6 (@AndersonBooz)", "tweet_url": "https://twitter.com/AndersonBooz/status/1631545345556779009?ref_src=twsrc%5Etfw"}, "17": {"sentiment_label": "negative", "text_of_tweet": "Blinken\u2019 trip to Uzbekistan has only one purpose\u2026 to sow the seeds of regime change that would allow the U.S. Empire to take control of the country in a few years time and turn it into a dagger on the side of China &amp; Russia.</p>&mdash; \u502a\u660e\u8fbe (Ni Mingda) (@NiMingda_GG)", "tweet_url": "https://twitter.com/NiMingda_GG/status/1631642321933484034?ref_src=twsrc%5Etfw"}, "18": {"sentiment_label": "negative", "text_of_tweet": "There is ten times more evidence of Biden-China collusion than there ever was of Trump-Russia collusion.<br><br>The Hunter Biden laptop is a smoking gun.<br><br>When have the lamestream media brought this up? Where&#39;s the campaign surveillance? When&#39;s a Special Counsel going to investigate?</p>&mdash; Kyle Becker (@kylenabecker)", "tweet_url": "https://twitter.com/kylenabecker/status/1631654725367021569?ref_src=twsrc%5Etfw"}, "19": {"sentiment_label": "negative", "text_of_tweet": "\ud83c\udde8\ud83c\uddf3\ud83c\uddfa\ud83c\uddf8: The heat is turning up <br><br>&quot;We strongly oppose the sale of arms to Chinese Taiwan...<br>We demand that the US cease arms sales to Taiwan and cease military ties with the island.&quot; <br>The People&#39;s Liberation Army of China is always ready to strike back...&quot;<br>-spokesman Tan Kefei<br>--&gt;\ud83d\udc47</p>&mdash; David Roth-Lindberg (@RothLindberg)", "tweet_url": "https://twitter.com/RothLindberg/status/1631635667154337794?ref_src=twsrc%5Etfw"}, "20": {"sentiment_label": "negative", "text_of_tweet": "A report from the Australian Institute for Strategic Policy Research warns that China is achieving a significant advantage over the US and the West in the vast majority of critical and advanced technologies.<br><br>According to the report, China leads in 37 out of 44 technologies\u2026 <a href=\"https://t.co/namahAiBT2\">https://t.co/namahAiBT2</a></p>&mdash; GraphicW (@GraphicW5)", "tweet_url": "https://twitter.com/GraphicW5/status/1631634185742868480?ref_src=twsrc%5Etfw"}, "21": {"sentiment_label": "negative", "text_of_tweet": "Americans falsely assume that a war with China will be fought in China.<br><br>.</p>&mdash; david kersten (@davidkersten)", "tweet_url": "https://twitter.com/davidkersten/status/1631469854308827137?ref_src=twsrc%5Etfw"}, "22": {"sentiment_label": "neutral", "text_of_tweet": "The boundary issue should be put in the proper place in bilateral relations, Qin said, adding that the situation on the borders should be brought under normalized management as soon as possible: China statement on EAM-China FM meet</p>&mdash; Sidhant Sibal (@sidhant)", "tweet_url": "https://twitter.com/sidhant/status/1631601051064467457?ref_src=twsrc%5Etfw"}, "23": {"sentiment_label": "negative", "text_of_tweet": "#China\u2019s coming for us. This is war. <a href=\"https://twitter.com/hashtag/CCP?src=hash&amp;ref_src=twsrc%5Etfw\">#CCP</a></p>&mdash; Gordon G. Chang (@GordonGChang)", "tweet_url": "https://twitter.com/GordonGChang/status/1631460454601043968?ref_src=twsrc%5Etfw"}, "24": {"sentiment_label": "negative", "text_of_tweet": "One of the many ongoing failures of west and particularly the US is this completely flawed belief that China wants to be a hegemonic power and that this view is shared and demanded by the Chinese people.</p>&mdash; The Sirius Report (@thesiriusreport)", "tweet_url": "https://twitter.com/thesiriusreport/status/1631558205124771841?ref_src=twsrc%5Etfw"}, "25": {"sentiment_label": "negative", "text_of_tweet": "If Australia becomes &quot;Aboriginalia&quot; when we cede sovereignty to the elite militant aborigines, how will they defend the country against the Chinese invasion when it comes? Will they point sticks and throw stones at China&#39;s nuclear arsenal? <a href=\"https://twitter.com/hashtag/voteNO?src=hash&amp;ref_src=twsrc%5Etfw\">#voteNO</a></p>&mdash; Francis_Young (@commonsense058)", "tweet_url": "https://twitter.com/commonsense058/status/1631560666103566336?ref_src=twsrc%5Etfw"}, "26": {"sentiment_label": "negative", "text_of_tweet": "@GordonGChang</a> tells One America News China lied about the coronavirus from the beginning. One America\u2019s John Hines has more from CPAC. [VIDEO] <a href=\"https://twitter.com/hashtag/ChinaLiedPeopleDied?src=hash&amp;ref_src=twsrc%5Etfw\">#ChinaLiedPeopleDied</a> <a href=\"https://twitter.com/hashtag/ChinaOwnsBiden?src=hash&amp;ref_src=twsrc%5Etfw\">#ChinaOwnsBiden</a> <a href=\"https://t.co/px1dNsHEeZ\">https://t.co/px1dNsHEeZ</a></p>&mdash; Jenny 1776\ud83c\uddfa\ud83c\uddf8 (@realouMAGAgirl)", "tweet_url": "https://twitter.com/realouMAGAgirl/status/1631638732783730691?ref_src=twsrc%5Etfw"}, "27": {"sentiment_label": "neutral", "text_of_tweet": "Chinese aerospace <br>engineers used &#13;science developed by an American &#13;hypersonic scientist and a National &#13;Aeronautics Space Administration &#13;(NASA) project to address an issue with &#13;a proposed hypersonic-speed launch &#13;vehicle meant to intercept hypersonic &#13;missiles.<a href=\"https://twitter.com/hashtag/China?src=hash&amp;ref_src=twsrc%5Etfw\">#China</a> <a href=\"https://t.co/Y8h5OCsQyG\">pic.twitter.com/Y8h5OCsQyG</a></p>&mdash; Hira Bashir (@HiraBK5090)", "tweet_url": "https://twitter.com/HiraBK5090/status/1631545302250299393?ref_src=twsrc%5Etfw"}, "28": {"sentiment_label": "positive", "text_of_tweet": "China dominates global tech race. Beijing has a \u201cstunning lead\u201d over the US.<br><br>China is leading the world in 37 out of 44 critical and emerging technologies, the Australian Strategic Policy Institute (ASPI) said.<br><br>\u201eBeijing is the world\u2019s leading science and technology superpower.\u201c</p>&mdash; Make Peace Now; alternative news (@AlternatNews)", "tweet_url": "https://twitter.com/AlternatNews/status/1631606264189919232?ref_src=twsrc%5Etfw"}, "29": {"sentiment_label": "negative", "text_of_tweet": "It appears as though as the tables are turning, it will be the west starved for resources while many of the nations with plentiful resources are gravitating to Russia and China...<br><br>Sudan is ready to cooperate with Russia on oil production issues.<br><br>The head of the Sudan Energy and\u2026 <a href=\"https://t.co/HsDWesE4h5\">https://t.co/HsDWesE4h5</a></p>&mdash; GraphicW (@GraphicW5)", "tweet_url": "https://twitter.com/GraphicW5/status/1631657452134440963?ref_src=twsrc%5Etfw"}, "30": {"sentiment_label": "positive", "text_of_tweet": "Yuqi\u2019s stylist in China is always on point! They never miss! <a href=\"https://t.co/lSoHJLHxzP\">pic.twitter.com/lSoHJLHxzP</a></p>&mdash; Singer Xiao Song | Little Giant | Yuqi (@yuqiriiin)", "tweet_url": "https://twitter.com/yuqiriiin/status/1631603822203383809?ref_src=twsrc%5Etfw"}, "31": {"sentiment_label": "neutral", "text_of_tweet": "I\u2019m currently working in China. Almost exactly 100 years ago my great grandfather was here. These are his watercolours he sent home to his son (my grandfather). <a href=\"https://twitter.com/hashtag/History?src=hash&amp;ref_src=twsrc%5Etfw\">#History</a> <a href=\"https://t.co/sipek5usa8\">pic.twitter.com/sipek5usa8</a></p>&mdash; Dr Sam Willis (@DrSamWillis)", "tweet_url": "https://twitter.com/DrSamWillis/status/1631487477780213760?ref_src=twsrc%5Etfw"}, "32": {"sentiment_label": "positive", "text_of_tweet": "Russia&#39;s energy policy will rely on reliable partners, including China and India, but not the West.<br> Russia will not allow the West to &quot;blow up gas pipelines&quot; again -<br> Lavrov</p>&mdash; Enrico60\ud83c\udde8\ud83c\uddf3\ud83c\uddf7\ud83c\uddfa\uff08\u4e92fo\uff09 (@enfree1993)", "tweet_url": "https://twitter.com/enfree1993/status/1631569420278726661?ref_src=twsrc%5Etfw"}, "33": {"sentiment_label": "negative", "text_of_tweet": "Iranian opposition: Iran is too close to China/Russia, and that&#39;s why the US hates us.<br><br>Russian opposition: Russia is too close to Iran/China, and that&#39;s why the US hates us.<br><br>Chinese opposition: China is too close to Russia/Iran, and that&#39;s why the US hates us.<br><br>LOL.</p>&mdash; DaiWW (@BeijingDai)", "tweet_url": "https://twitter.com/BeijingDai/status/1631569408484323328?ref_src=twsrc%5Etfw"}, "34": {"sentiment_label": "positive", "text_of_tweet": "Justin Trudeau has a level of admiration for China&#39;s money.</p>&mdash; Zachary Tisdale \ud83c\udde8\ud83c\udde6 (@ztisdale)", "tweet_url": "https://twitter.com/ztisdale/status/1631462637031632898?ref_src=twsrc%5Etfw"}, "35": {"sentiment_label": "negative", "text_of_tweet": "It seems that not only does <a href=\"https://twitter.com/JustinTrudeau?ref_src=twsrc%5Etfw\">@JustinTrudeau</a> have an admiration for the basic dictatorship of China\u2026<br><br>He also has their financing.<a href=\"https://twitter.com/hashtag/ChinaTrudeau?src=hash&amp;ref_src=twsrc%5Etfw\">#ChinaTrudeau</a></p>&mdash; Viva Frei (@thevivafrei)", "tweet_url": "https://twitter.com/thevivafrei/status/1631466024158519298?ref_src=twsrc%5Etfw"}, "36": {"sentiment_label": "negative", "text_of_tweet": "Russia is getting their dick kicked in Ukraine the one thing China and Russia have in common are paper tiger armies that are way over hyped and rife with corruption <a href=\"https://t.co/A7bnnidRDK\">https://t.co/A7bnnidRDK</a></p>&mdash; Toriel1one1 (@toriel1one1)", "tweet_url": "https://twitter.com/toriel1one1/status/1631497804345483264?ref_src=twsrc%5Etfw"}, "37": {"sentiment_label": "negative", "text_of_tweet": "\ud83c\uddfa\ud83c\uddf8\ud83c\udde8\ud83c\uddf3\u2622\ufe0f\u269b\ufe0f&quot;US is the main source of the nuclear threat in the world, they are hyping the theory of the threat from China in search of an excuse to expand their arsenal.&quot; - Chinese Foreign Ministry</p>&mdash; AZ \ud83d\udef0\ud83c\udf0f\ud83c\udf0d\ud83c\udf0e (@AZgeopolitics)", "tweet_url": "https://twitter.com/AZgeopolitics/status/1631564558388043776?ref_src=twsrc%5Etfw"}, "38": {"sentiment_label": "negative", "text_of_tweet": "Man do I have to stop myself from cringing when Lavrov talks.<br><br>Sign of the times really. Outside of energy, parts of defence &amp; a desire to contain China, there is nothing in the relationship anymore.<br><br>Long term stagnation is best case scenario.</p>&mdash; Yew&#39;s Finest (@FinestYew)", "tweet_url": "https://twitter.com/FinestYew/status/1631660098958540800?ref_src=twsrc%5Etfw"}, "39": {"sentiment_label": "neutral", "text_of_tweet": "#Flash</a> China has given a fresh loan of USD 700 million to Pakistan at the rate of 8.9%. Two railway stations of Pakistan (Lahore &amp; Sukkur) have been taken by China as security for 99 years or till the full and final payment of this loan, which is earlier. (Sources)</p>&mdash; Baba Banaras\u2122 (@RealBababanaras)", "tweet_url": "https://twitter.com/RealBababanaras/status/1631497938596945920?ref_src=twsrc%5Etfw"}, "40": {"sentiment_label": "positive", "text_of_tweet": "#China</a> leading <a href=\"https://twitter.com/hashtag/US?src=hash&amp;ref_src=twsrc%5Etfw\">#US</a> in technology race in all but a few fields, thinktank finds<br><br>Year-long study finds China leads in 37 of 44 areas it tracked, with potential for a monopoly in areas such as nanoscale materials and synthetic biology.<a href=\"https://t.co/IICGKLrDOM\">https://t.co/IICGKLrDOM</a></p>&mdash; Indo-Pacific News - Geo-Politics &amp; Military News (@IndoPac_Info)", "tweet_url": "https://twitter.com/IndoPac_Info/status/1631589226478198784?ref_src=twsrc%5Etfw"}, "41": {"sentiment_label": "positive", "text_of_tweet": "China&#39;s &#39;Two Sessions&#39; annual legislative body begins, here in Beijing, tomorrow.<br><br>With all eyes on China&#39;s top law making body, Reuters reports GDP goals may be set as high as 6% growth for 2023.<a href=\"https://twitter.com/hashtag/China?src=hash&amp;ref_src=twsrc%5Etfw\">#China</a> <a href=\"https://twitter.com/hashtag/TwoSessions?src=hash&amp;ref_src=twsrc%5Etfw\">#TwoSessions</a><a href=\"https://t.co/uZSx67cgRV\">https://t.co/uZSx67cgRV</a></p>&mdash; Jason - \u4e0a\u5b98\u6770\u6587 (@ShangguanJiewen)", "tweet_url": "https://twitter.com/ShangguanJiewen/status/1631488736885178370?ref_src=twsrc%5Etfw"}, "42": {"sentiment_label": "neutral", "text_of_tweet": "The Anti-Counterfeit Authority (ACA) has released goods worth Sh50 million that were seized at China Square.<br><br>The quick return of the goods comes a day after the Chinese embassy urged the Kenyan government to intervene to protect Chinese enterprises and citizens.<br><br>\u2014 Nation</p>&mdash; Moe (@moneyacademyKE)", "tweet_url": "https://twitter.com/moneyacademyKE/status/1631512472644632576?ref_src=twsrc%5Etfw"}, "43": {"sentiment_label": "negative", "text_of_tweet": "Khan was ousted from power in April after losing a no-confidence vote in his leadership, which he alleged was part of a US-led conspiracy targeting him because of his independent foreign policy decisions on Russia, China and Afghanistan.<a href=\"https://twitter.com/7n_Star_?ref_src=twsrc%5Etfw\">@7n_Star_</a><a href=\"https://twitter.com/hashtag/%D8%AA%D8%A8%D8%A7%DB%81%DB%8C_%D8%B3%D8%B1%DA%A9%D8%A7%D8%B1_%D8%AC%D8%A7%D9%86_%DA%86%DA%BE%D9%88%DA%91%D9%88?src=hash&amp;ref_src=twsrc%5Etfw\">#\u062a\u0628\u0627\u06c1\u06cc_\u0633\u0631\u06a9\u0627\u0631_\u062c\u0627\u0646_\u0686\u06be\u0648\u0691\u0648</a></p>&mdash; \ud835\udc0d\u03b1\u029d\u0271\u03c5\u0282 \u0282\u03b1\u0285\u03b9\u050b\u04bd\u04bd\u0273\ud83d\ude43 (@7n_Star_)", "tweet_url": "https://twitter.com/7n_Star_/status/1631597034254872577?ref_src=twsrc%5Etfw"}, "44": {"sentiment_label": "negative", "text_of_tweet": "#China</a> providing <a href=\"https://twitter.com/hashtag/Russia?src=hash&amp;ref_src=twsrc%5Etfw\">#Russia</a> uniforms, weapons and ammunition only prolongs the war in <a href=\"https://twitter.com/hashtag/Ukraine?src=hash&amp;ref_src=twsrc%5Etfw\">#Ukraine</a>. Russia has the bodies; China will outfit them. Not only will it prolong the war - but it also weakens Russia as well. Is that the plan? Who needs enemies when you <a href=\"https://t.co/pzUiyZATEi\">https://t.co/pzUiyZATEi</a>\u2026 <a href=\"https://t.co/xVfdrqVlby\">https://t.co/xVfdrqVlby</a></p>&mdash; Jon Sweet (@JESweet2022)", "tweet_url": "https://twitter.com/JESweet2022/status/1631630908024401927?ref_src=twsrc%5Etfw"}, "45": {"sentiment_label": "negative", "text_of_tweet": "Protests in Kenya against China.<br>People in Kenya think that Chinese projects in Kenya help Chinese companies but not workers in Kenya.<a href=\"https://twitter.com/hashtag/China?src=hash&amp;ref_src=twsrc%5Etfw\">#China</a> <a href=\"https://twitter.com/hashtag/Chinaprotests?src=hash&amp;ref_src=twsrc%5Etfw\">#Chinaprotests</a> <a href=\"https://twitter.com/hashtag/Kenya?src=hash&amp;ref_src=twsrc%5Etfw\">#Kenya</a> <a href=\"https://t.co/qOZI6yyWwI\">pic.twitter.com/qOZI6yyWwI</a></p>&mdash; That is China (@2022_Lockdown)", "tweet_url": "https://twitter.com/2022_Lockdown/status/1631488665384779776?ref_src=twsrc%5Etfw"}, "46": {"sentiment_label": "neutral", "text_of_tweet": "My latest for <a href=\"https://twitter.com/dw_hotspotasia?ref_src=twsrc%5Etfw\">@dw_hotspotasia</a>: As <a href=\"https://twitter.com/hashtag/China?src=hash&amp;ref_src=twsrc%5Etfw\">#China</a>&#39;s rubber-stamp parliament gathers in Beijing this weekend, President Xi Jinping is expected to officially kick off his third term. China&#39;s Communist party will likely initiate further institutional reform. <a href=\"https://t.co/8lbe9CJ2SO\">https://t.co/8lbe9CJ2SO</a></p>&mdash; William Yang (@WilliamYang120)", "tweet_url": "https://twitter.com/WilliamYang120/status/1631630614549118978?ref_src=twsrc%5Etfw"}, "47": {"sentiment_label": "negative", "text_of_tweet": "Beijing has criticized Canberra for blocking a bid by a Chinese-linked company to boost its ownership in a rare earths supplier, an episode that underscores the challenges the two nations face repairing ties <a href=\"https://t.co/1zbM0OKNgi\">https://t.co/1zbM0OKNgi</a></p>&mdash; Bloomberg (@business)", "tweet_url": "https://twitter.com/business/status/1631602420357758977?ref_src=twsrc%5Etfw"}, "48": {"sentiment_label": "negative", "text_of_tweet": "The return of China\u2019s top basketball league to its normal season format following years of Covid disruptions has been marred in controversy <a href=\"https://t.co/ufVfOYdDO0\">https://t.co/ufVfOYdDO0</a></p>&mdash; CNN (@CNN)", "tweet_url": "https://twitter.com/CNN/status/1631615109750554624?ref_src=twsrc%5Etfw"}, "49": {"sentiment_label": "neutral", "text_of_tweet": "In meeting with Saudi FM Prince Faisal bin Farhan Al Saud, Chinese FM <a href=\"https://twitter.com/hashtag/QinGang?src=hash&amp;ref_src=twsrc%5Etfw\">#QinGang</a> said <a href=\"https://twitter.com/hashtag/China?src=hash&amp;ref_src=twsrc%5Etfw\">#China</a> is ready to keep the positive momentum of high-level exchanges with <a href=\"https://twitter.com/hashtag/SaudiaArabia?src=hash&amp;ref_src=twsrc%5Etfw\">#SaudiaArabia</a> and work together to advance high-quality Belt and Road Cooperation. <a href=\"https://t.co/4A5v9ouAxy\">pic.twitter.com/4A5v9ouAxy</a></p>&mdash; Liu Yongfeng (@liupheonix)", "tweet_url": "https://twitter.com/liupheonix/status/1631473422818742272?ref_src=twsrc%5Etfw"}, "50": {"sentiment_label": "positive", "text_of_tweet": "China \u2018Is the Only One in the Race\u2019 to Make Electric Buses, Taxis and Trucks <a href=\"https://t.co/XF6UkHJ3Ur\">https://t.co/XF6UkHJ3Ur</a> by <a href=\"https://twitter.com/Trefor1?ref_src=twsrc%5Etfw\">@Trefor1</a> <a href=\"https://t.co/4VpWwZLmV7\">pic.twitter.com/4VpWwZLmV7</a></p>&mdash; CHINA (@china)", "tweet_url": "https://twitter.com/china/status/1069728152581218305?ref_src=twsrc%5Etfw"}}